repository,owner,name,stars,previous,delta,status
isontheline/ALE,isontheline,ALE,0,,0,new
isontheline/AppIconKit,isontheline,AppIconKit,0,,0,new
isontheline/ChopChop,isontheline,ChopChop,2,,0,new
isontheline/ChopChopAction,isontheline,ChopChopAction,2,,0,new
isontheline/CotEditorScripts,isontheline,CotEditorScripts,6,,0,new
isontheline/CSSH,isontheline,CSSH,0,,0,new
isontheline/detectify-client,isontheline,detectify-client,3,,0,new
isontheline/directus-extension-user-role-css-injector,isontheline,directus-extension-user-role-css-injector,2,,0,new
isontheline/fastlistbuilder,isontheline,fastlistbuilder,0,,0,new
isontheline/gotangle,isontheline,gotangle,0,,0,new
isontheline/mybooklive-meteofrance-vigilance-led,isontheline,mybooklive-meteofrance-vigilance-led,0,,0,new
isontheline/panasonic-html-image-app,isontheline,panasonic-html-image-app,0,,0,new
isontheline/pro.webssh.net,isontheline,pro.webssh.net,560,,0,new
isontheline/smdr-parser,isontheline,smdr-parser,0,,0,new
isontheline/SSHConfig,isontheline,SSHConfig,6,,0,new
isontheline/vscode-sysmon,isontheline,vscode-sysmon,10,,0,new
isontheline/webssh.sh,isontheline,webssh.sh,21,,0,new
isontheline/wolfdotsolar,isontheline,wolfdotsolar,6,,0,new
webssh-software/.github,webssh-software,.github,2,,0,new